{"translation": [-0.061495404690504074, 0.0009927010396495461, 0.013710226863622665], "rotation": [[0.9999530911445618, -0.0031489229295402765, 0.009157964959740639], [0.0029065434355288744, 0.9996482729911804, 0.026359722018241882], [-0.009237751364707947, -0.026331868022680283, 0.9996105432510376]], "intrinsic": [465.2095642089844, 461.648681640625, 315.7236633300781, 249.76126098632812]}